FestivalName,Date,tag,tag_count
Gauri Vrat Saturday,13-07-2022,13-07-2022,1
Kokila Vrat,14-07-2022,14-07-2022,1
Guru Purnima Wednesday,18-07-2022,18-07-2022,1
First Shravan Somwar Vrat,25-07-2022,25-07-2022,1
"Trayodashi,krishna",26-07-2022,26-07-2022,1
"chaturdashi,krishna",27-07-2022,27-07-2022,1
happy world nature conservation day,28-07-2022,28-07-2022,1
happy International tiger day,29-07-2022,29-07-2022,1
happy dwithiya shukla,30-07-2022,30-07-2022,1
happy trithiya shukla,31-07-2022,31-07-2022,1
,,,
,,,
